uniprot_id;protein_name;organism;ec_number;sequence_length;molecular_weight_da;reviewed_status;qc_status;duplicate_group;is_representative;hydrophobic_percent;cysteine_count;cysteine_percent;most_common_amino_acid;interpretation;sequence
P04040;Catalase;Homo sapiens;1.11.1.6;527;59756;reviewed;Unikalna;;True;47.82;4;0.76;A;"Rekord P04040 jest rekordem reviewed/Swiss-Prot, posiada numer EC i posiada sekwencję aminokwasową. Struktura: struktura 3D eksperymentalna w PDB (17 wpisów; metoda: krystalografia rentgenowska, mikroskopia elektronowa / cryo-EM); najlepsza rozdzielczość: 1.50 Å; model 3D predykcyjny AlphaFold; struktura drugorzędowa/2D: helisy: 26, nici beta: 20, zakręty: 6.";MADSRDPASDQMQHWKEQRAAQKADVLTTGAGNPVGDKLNVITVGPRGPLLVQDVVFTDEMAHFDRERIPERVVHAKGAGAFGYFEVTHDITKYSKAKVFEHIGKKTPIAVRFSTVAGESGSADTVRDPRGFAVKFYTEDGNWDLVGNNTPIFFIRDPILFPSFIHSQKRNPQTHLKDPDMVWDFWSLRPESLHQVSFLFSDRGIPDGHRHMNGYGSHTFKLVNANGEAVYCKFHYKTDQGIKNLSVEDAARLSQEDPDYGIRDLFNAIATGKYPSWTFYIQVMTFNQAETFPFNPFDLTKVWPHKDYPLIPVGKLVLNRNPVNYFAEVEQIAFDPSNMPPGIEASPDKMLQGRLFAYPDTHRHRLGPNYLHIPVNCPYRARVANYQRDGPMCMQDNQGGAPNYYPNSFGAPEQQPSALEHSIQYSGEVRRFNTANDDNVTQVRAFYVNVLNEEQRKRLCENIAGHLKDAQIFIQKKAVKNFTEVHPDYGSHIQALLDKYNAEKPKNAIHTFVQSGSHLAAREKANL
P04406;Glyceraldehyde-3-phosphate dehydrogenase;Homo sapiens;1.2.1.12;335;36053;reviewed;Unikalna;;True;52.54;3;0.9;G;"Rekord P04406 jest rekordem reviewed/Swiss-Prot, posiada numer EC i posiada sekwencję aminokwasową. Struktura: struktura 3D eksperymentalna w PDB (21 wpisów; metoda: krystalografia rentgenowska, mikroskopia elektronowa / cryo-EM); najlepsza rozdzielczość: 1.52 Å; model 3D predykcyjny AlphaFold; struktura drugorzędowa/2D: helisy: 14, nici beta: 20, zakręty: 5.";MGKVKVGVNGFGRIGRLVTRAAFNSGKVDIVAINDPFIDLNYMVYMFQYDSTHGKFHGTVKAENGKLVINGNPITIFQERDPSKIKWGDAGAEYVVESTGVFTTMEKAGAHLQGGAKRVIISAPSADAPMFVMGVNHEKYDNSLKIISNASCTTNCLAPLAKVIHDNFGIVEGLMTTVHAITATQKTVDGPSGKLWRDGRGALQNIIPASTGAAKAVGKVIPELNGKLTGMAFRVPTANVSVVDLTCRLEKPAKYDDIKKVVKQASEGPLKGILGYTEHQVVSSDFNSDTHSSTFDAGAGIALNDHFVKLISWYDNEFGYSNRVVDLMAHMASKE
P00441;Superoxide dismutase [Cu-Zn];Homo sapiens;1.15.1.1, 1.8.-.-;154;15936;reviewed;Unikalna;;True;50.65;4;2.6;G;"Rekord P00441 jest rekordem reviewed/Swiss-Prot, posiada numer EC i posiada sekwencję aminokwasową. Struktura: struktura 3D eksperymentalna w PDB (153 wpisów; metoda: krystalografia rentgenowska, NMR, mikroskopia elektronowa / cryo-EM); najlepsza rozdzielczość: 0.98 Å; model 3D predykcyjny AlphaFold; struktura drugorzędowa/2D: helisy: 5, nici beta: 22, zakręty: 2.";MATKAVCVLKGDGPVQGIINFEQKESNGPVKVWGSIKGLTEGLHGFHVHEFGDNTAGCTSAGPHFNPLSRKHGGPKDEERHVGDLGNVTADKDGVADVSIEDSVISLSGDHCIIGRTLVVHEKADDLGKGGNEESTKTGNAGSRLACGVIGIAQ
P00918;Carbonic anhydrase 2;Homo sapiens;4.2.1.1;260;29246;reviewed;Unikalna;;True;48.08;1;0.38;L;"Rekord P00918 jest rekordem reviewed/Swiss-Prot, posiada numer EC i posiada sekwencję aminokwasową. Struktura: struktura 3D eksperymentalna w PDB (1182 wpisów; metoda: krystalografia rentgenowska, dyfrakcja neutronowa, inna metoda); najlepsza rozdzielczość: 0.90 Å; model 3D predykcyjny AlphaFold; struktura drugorzędowa/2D: helisy: 12, nici beta: 23, zakręty: 5.";MSHHWGYGKHNGPEHWHKDFPIAKGERQSPVDIDTHTAKYDPSLKPLSVSYDQATSLRILNNGHAFNVEFDDSQDKAVLKGGPLDGTYRLIQFHFHWGSLDGQGSEHTVDKKKYAAELHLVHWNTKYGDFGKAVQQPDGLAVLGIFLKVGSAKPGLQKVVDVLDSIKTKGKSADFTNFDPRGLLPESLDYWTYPGSLTTPPLLECVTWIVLKEPISVSSEQVLKFRKLNFNGEGEPEELMVDNWRPAQPLKNRQIKASFK
P00338;L-lactate dehydrogenase A chain;Homo sapiens;1.1.1.27;332;36689;reviewed;Unikalna;;True;51.81;5;1.51;L;"Rekord P00338 jest rekordem reviewed/Swiss-Prot, posiada numer EC i posiada sekwencję aminokwasową. Struktura: struktura 3D eksperymentalna w PDB (46 wpisów; metoda: krystalografia rentgenowska); najlepsza rozdzielczość: 1.55 Å; model 3D predykcyjny AlphaFold; struktura drugorzędowa/2D: helisy: 18, nici beta: 14, zakręty: 1.";MATLKDQLIYNLLKEEQTPQNKITVVGVGAVGMACAISILMKDLADELALVDVIEDKLKGEMMDLQHGSLFLRTPKIVSGKDYNVTANSKLVIITAGARQQEGESRLNLVQRNVNIFKFIIPNVVKYSPNCKLLIVSNPVDILTYVAWKISGFPKNRVIGSGCNLDSARFRYLMGERLGVHPLSCHGWVLGEHGDSSVPVWSGMNVAGVSLKTLHPDLGTDKDKEQWKEVHKQVVESAYEVIKLKGYTSWAIGLSVADLAESIMKNLRRVHPVSTMIKGLYGIKDDVFLSVPCILGQNGISDLVKVTLTSEEEARLKKSADTLWGIQKELQF
P06733;Alpha-enolase;Homo sapiens;4.2.1.11;434;47169;reviewed;Unikalna;;True;51.15;6;1.38;A;"Rekord P06733 jest rekordem reviewed/Swiss-Prot, posiada numer EC i posiada sekwencję aminokwasową. Struktura: struktura 3D eksperymentalna w PDB (8 wpisów; metoda: krystalografia rentgenowska); najlepsza rozdzielczość: 1.33 Å; model 3D predykcyjny AlphaFold; struktura drugorzędowa/2D: helisy: 25, nici beta: 11, zakręty: 4.";MSILKIHAREIFDSRGNPTVEVDLFTSKGLFRAAVPSGASTGIYEALELRDNDKTRYMGKGVSKAVEHINKTIAPALVSKKLNVTEQEKIDKLMIEMDGTENKSKFGANAILGVSLAVCKAGAVEKGVPLYRHIADLAGNSEVILPVPAFNVINGGSHAGNKLAMQEFMILPVGAANFREAMRIGAEVYHNLKNVIKEKYGKDATNVGDEGGFAPNILENKEGLELLKTAIGKAGYTDKVVIGMDVAASEFFRSGKYDLDFKSPDDPSRYISPDQLADLYKSFIKDYPVVSIEDPFDQDDWGAWQKFTASAGIQVVGDDLTVTNPKRIAKAVNEKSCNCLLLKVNQIGSVTESLQACKLAQANGWGVMVSHRSGETEDTFIADLVVGLCTGQIKTGAPCRSERLAKYNQLLRIEEELGSKAKFAGRNFRNPLAK
P00558;Phosphoglycerate kinase 1;Homo sapiens;2.7.11.1, 2.7.2.3;417;44615;reviewed;Unikalna;;True;54.68;7;1.68;K;"Rekord P00558 jest rekordem reviewed/Swiss-Prot, posiada numer EC i posiada sekwencję aminokwasową. Struktura: struktura 3D eksperymentalna w PDB (30 wpisów; metoda: krystalografia rentgenowska); najlepsza rozdzielczość: 1.44 Å; model 3D predykcyjny AlphaFold; struktura drugorzędowa/2D: helisy: 27, nici beta: 21, zakręty: 2.";MSLSNKLTLDKLDVKGKRVVMRVDFNVPMKNNQITNNQRIKAAVPSIKFCLDNGAKSVVLMSHLGRPDGVPMPDKYSLEPVAVELKSLLGKDVLFLKDCVGPEVEKACANPAAGSVILLENLRFHVEEEGKGKDASGNKVKAEPAKIEAFRASLSKLGDVYVNDAFGTAHRAHSSMVGVNLPQKAGGFLMKKELNYFAKALESPERPFLAILGGAKVADKIQLINNMLDKVNEMIIGGGMAFTFLKVLNNMEIGTSLFDEEGAKIVKDLMSKAEKNGVKITLPVDFVTADKFDENAKTGQATVASGIPAGWMGLDCGPESSKKYAEAVTRAKQIVWNGPVGVFEWEAFARGTKALMDEVVKATSRGCITIIGGGDTATCCAKWNTEDKVSHVSTGGGASLELLEGKVLPGVDALSNI
P11413;Glucose-6-phosphate 1-dehydrogenase;Homo sapiens;1.-.-.-, 1.1.1.49;515;59257;reviewed;Unikalna;;True;48.35;8;1.55;L;"Rekord P11413 jest rekordem reviewed/Swiss-Prot, posiada numer EC i posiada sekwencję aminokwasową. Struktura: struktura 3D eksperymentalna w PDB (25 wpisów; metoda: krystalografia rentgenowska, mikroskopia elektronowa / cryo-EM); najlepsza rozdzielczość: 1.89 Å; model 3D predykcyjny AlphaFold; struktura drugorzędowa/2D: helisy: 34, nici beta: 22, zakręty: 8.";MAEQVALSRTQVCGILREELFQGDAFHQSDTHIFIIMGASGDLAKKKIYPTIWWLFRDGLLPENTFIVGYARSRLTVADIRKQSEPFFKATPEEKLKLEDFFARNSYVAGQYDDAASYQRLNSHMNALHLGSQANRLFYLALPPTVYEAVTKNIHESCMSQIGWNRIIVEKPFGRDLQSSDRLSNHISSLFREDQIYRIDHYLGKEMVQNLMVLRFANRIFGPIWNRDNIACVILTFKEPFGTEGRGGYFDEFGIIRDVMQNHLLQMLCLVAMEKPASTNSDDVRDEKVKVLKCISEVQANNVVLGQYVGNPDGEGEATKGYLDDPTVPRGSTTATFAAVVLYVENERWDGVPFILRCGKALNERKAEVRLQFHDVAGDIFHQQCKRNELVIRVQPNEAVYTKMMTKKPGMFFNPEESELDLTYGNRYKNVKLPDAYERLILDVFCGSQMHFVRSDELREAWRIFTPLLHQIELEKPKPIPYIYGSRGPTEADELMKRVGFQYEGTYKWVNPHKL
P35557;Hexokinase-4;Homo sapiens;2.7.1.1;465;52191;reviewed;Unikalna;;True;46.67;12;2.58;E;"Rekord P35557 jest rekordem reviewed/Swiss-Prot, posiada numer EC i posiada sekwencję aminokwasową. Struktura: struktura 3D eksperymentalna w PDB (35 wpisów; metoda: krystalografia rentgenowska); najlepsza rozdzielczość: 1.50 Å; model 3D predykcyjny AlphaFold; struktura drugorzędowa/2D: helisy: 21, nici beta: 19, zakręty: 4.";MLDDRARMEAAKKEKVEQILAEFQLQEEDLKKVMRRMQKEMDRGLRLETHEEASVKMLPTYVRSTPEGSEVGDFLSLDLGGTNFRVMLVKVGEGEEGQWSVKTKHQMYSIPEDAMTGTAEMLFDYISECISDFLDKHQMKHKKLPLGFTFSFPVRHEDIDKGILLNWTKGFKASGAEGNNVVGLLRDAIKRRGDFEMDVVAMVNDTVATMISCYYEDHQCEVGMIVGTGCNACYMEEMQNVELVEGDEGRMCVNTEWGAFGDSGELDEFLLEYDRLVDESSANPGQQLYEKLIGGKYMGELVRLVLLRLVDENLLFHGEASEQLRTRGAFETRFVSQVESDTGDRKQIYNILSTLGLRPSTTDCDIVRRACESVSTRAAHMCSAGLAGVINRMRESRSEDVMRITVGVDGSVYKLHPSFKERFHASVRRLTPSCEITFIESEEGSGRGAALVSAVACKKACMLGQ
P08246;Neutrophil elastase;Homo sapiens;3.4.21.37;267;28518;reviewed;Unikalna;;True;58.8;11;4.12;L;"Rekord P08246 jest rekordem reviewed/Swiss-Prot, posiada numer EC i posiada sekwencję aminokwasową. Struktura: struktura 3D eksperymentalna w PDB (38 wpisów; metoda: krystalografia rentgenowska); najlepsza rozdzielczość: 1.14 Å; model 3D predykcyjny AlphaFold; struktura drugorzędowa/2D: helisy: 7, nici beta: 18, zakręty: 2.";MTLGRRLACLFLACVLPALLLGGTALASEIVGGRRARPHAWPFMVSLQLRGGHFCGATLIAPNFVMSAAHCVANVNVRAVRVVLGAHNLSRREPTRQVFAVQRIFENGYDPVNLLNDIVILQLNGSATINANVQVAQLPAQGRRLGNGVQCLAMGWGLLGRNRGIASVLQELNVTVVTSLCRRSNVCTLVRGRQAGVCFGDSGSPLVCNGLIHGIASFVRGGCASGLYPDAFAPVAQFVNWIDSIIQRSEDNPCPHPRDPDPASRTH
P00709;Alpha-lactalbumin;Homo sapiens;Brak;142;16225;reviewed;Unikalna;;True;47.89;8;5.63;L;"Rekord P00709 jest rekordem reviewed/Swiss-Prot, nie posiada numeru EC i posiada sekwencję aminokwasową. Struktura: struktura 3D eksperymentalna w PDB (7 wpisów; metoda: krystalografia rentgenowska, NMR); najlepsza rozdzielczość: 1.15 Å; model 3D predykcyjny AlphaFold; struktura drugorzędowa/2D: helisy: 9, nici beta: 4, zakręty: 3.";MRFFVPLFLVGILFPAILAKQFTKCELSQLLKDIDGYGGIALPELICTMFHTSGYDTQAIVENNESTEYGLFQISNKLWCKSSQVPQSRNICDISCDKFLDDDITDDIMCAKKILDIKGIDYWLAHKALCTEKLEQWLCEKL
P00734;Prothrombin;Homo sapiens;3.4.21.5;622;70037;reviewed;Unikalna;;True;44.69;26;4.18;L;"Rekord P00734 jest rekordem reviewed/Swiss-Prot, posiada numer EC i posiada sekwencję aminokwasową. Struktura: struktura 3D eksperymentalna w PDB (472 wpisów; metoda: krystalografia rentgenowska, inna metoda, NMR); najlepsza rozdzielczość: 1.12 Å; model 3D predykcyjny AlphaFold; struktura drugorzędowa/2D: helisy: 24, nici beta: 40, zakręty: 13.";MAHVRGLQLPGCLALAALCSLVHSQHVFLAPQQARSLLQRVRRANTFLEEVRKGNLERECVEETCSYEEAFEALESSTATDVFWAKYTACETARTPRDKLAACLEGNCAEGLGTNYRGHVNITRSGIECQLWRSRYPHKPEINSTTHPGADLQENFCRNPDSSTTGPWCYTTDPTVRRQECSIPVCGQDQVTVAMTPRSEGSSVNLSPPLEQCVPDRGQQYQGRLAVTTHGLPCLAWASAQAKALSKHQDFNSAVQLVENFCRNPDGDEEGVWCYVAGKPGDFGYCDLNYCEEAVEEETGDGLDEDSDRAIEGRTATSEYQTFFNPRTFGSGEADCGLRPLFEKKSLEDKTERELLESYIDGRIVEGSDAEIGMSPWQVMLFRKSPQELLCGASLISDRWVLTAAHCLLYPPWDKNFTENDLLVRIGKHSRTRYERNIEKISMLEKIYIHPRYNWRENLDRDIALMKLKKPVAFSDYIHPVCLPDRETAASLLQAGYKGRVTGWGNLKETWTANVGKGQPSVLQVVNLPIVERPVCKDSTRIRITDNMFCAGYKPDEGKRGDACEGDSGGPFVMKSPFNNRWYQMGIVSWGEGCDRDGKYGFYTHVFRLKKWIQKVIDQFGE
P08254;Stromelysin-1;Homo sapiens;3.4.24.17;477;53977;reviewed;Unikalna;;True;50.1;5;1.05;L;"Rekord P08254 jest rekordem reviewed/Swiss-Prot, posiada numer EC i posiada sekwencję aminokwasową. Struktura: struktura 3D eksperymentalna w PDB (44 wpisów; metoda: krystalografia rentgenowska, NMR); najlepsza rozdzielczość: 1.50 Å; model 3D predykcyjny AlphaFold; struktura drugorzędowa/2D: helisy: 9, nici beta: 17, zakręty: 1.";MKSLPILLLLCVAVCSAYPLDGAARGEDTSMNLVQKYLENYYDLKKDVKQFVRRKDSGPVVKKIREMQKFLGLEVTGKLDSDTLEVMRKPRCGVPDVGHFRTFPGIPKWRKTHLTYRIVNYTPDLPKDAVDSAVEKALKVWEEVTPLTFSRLYEGEADIMISFAVREHGDFYPFDGPGNVLAHAYAPGPGINGDAHFDDDEQWTKDTTGTNLFLVAAHEIGHSLGLFHSANTEALMYPLYHSLTDLTRFRLSQDDINGIQSLYGPPPDSPETPLVPTEPVPPEPGTPANCDPALSFDAVSTLRGEILIFKDRHFWRKSLRKLEPELHLISSFWPSLPSGVDAAYEVTSKDLVFIFKGNQFWAIRGNEVRAGYPRGIHTLGFPPTVRKIDAAISDKEKNKTYFFVEDKYWRFDEKRNSMEPGFPKQIAEDFPGIDSKIDAVFEEFGFFYFFTGSSQLEFDPNAKKVTHTLKSNSWLNC
P05164;Myeloperoxidase;Homo sapiens;1.11.2.2;745;83869;reviewed;Unikalna;;True;51.41;17;2.28;L;"Rekord P05164 jest rekordem reviewed/Swiss-Prot, posiada numer EC i posiada sekwencję aminokwasową. Struktura: struktura 3D eksperymentalna w PDB (49 wpisów; metoda: krystalografia rentgenowska, mikroskopia elektronowa / cryo-EM); najlepsza rozdzielczość: 1.20 Å; model 3D predykcyjny AlphaFold; struktura drugorzędowa/2D: helisy: 38, nici beta: 21, zakręty: 11.";MGVPFFSSLRCMVDLGPCWAGGLTAEMKLLLALAGLLAILATPQPSEGAAPAVLGEVDTSLVLSSMEEAKQLVDKAYKERRESIKQRLRSGSASPMELLSYFKQPVAATRTAVRAADYLHVALDLLERKLRSLWRRPFNVTDVLTPAQLNVLSKSSGCAYQDVGVTCPEQDKYRTITGMCNNRRSPTLGASNRAFVRWLPAEYEDGFSLPYGWTPGVKRNGFPVALARAVSNEIVRFPTDQLTPDQERSLMFMQWGQLLDHDLDFTPEPAARASFVTGVNCETSCVQQPPCFPLKIPPNDPRIKNQADCIPFFRSCPACPGSNITIRNQINALTSFVDASMVYGSEEPLARNLRNMSNQLGLLAVNQRFQDNGRALLPFDNLHDDPCLLTNRSARIPCFLAGDTRSSEMPELTSMHTLLLREHNRLATELKSLNPRWDGERLYQEARKIVGAMVQIITYRDYLPLVLGPTAMRKYLPTYRSYNDSVDPRIANVFTNAFRYGHTLIQPFMFRLDNRYQPMEPNPRVPLSRVFFASWRVVLEGGIDPILRGLMATPAKLNRQNQIAVDEIRERLFEQVMRIGLDLPALNMQRSRDHGLPGYNAWRRFCGLPQPETVGQLGTVLRNLKLARKLMEQYGTPNNIDIWMGGVSEPLKRKGRVGPLLACIIGTQFRKLRDGDRFWWENEGVFSMQQRQALAQISLPRIICDNTGITTVSKNNIFMSNSYPRDFVNCSTLPALNLASWREAS
P05181;Cytochrome P450 2E1;Homo sapiens;1.14.14.1;493;56849;reviewed;Unikalna;;True;51.32;8;1.62;L;"Rekord P05181 jest rekordem reviewed/Swiss-Prot, posiada numer EC i posiada sekwencję aminokwasową. Struktura: struktura 3D eksperymentalna w PDB (6 wpisów; metoda: krystalografia rentgenowska); najlepsza rozdzielczość: 2.20 Å; model 3D predykcyjny AlphaFold; struktura drugorzędowa/2D: helisy: 26, nici beta: 15, zakręty: 6.";MSALGVTVALLVWAAFLLLVSMWRQVHSSWNLPPGPFPLPIIGNLFQLELKNIPKSFTRLAQRFGPVFTLYVGSQRMVVMHGYKAVKEALLDYKDEFSGRGDLPAFHAHRDRGIIFNNGPTWKDIRRFSLTTLRNYGMGKQGNESRIQREAHFLLEALRKTQGQPFDPTFLIGCAPCNVIADILFRKHFDYNDEKFLRLMYLFNENFHLLSTPWLQLYNNFPSFLHYLPGSHRKVIKNVAEVKEYVSERVKEHHQSLDPNCPRDLTDCLLVEMEKEKHSAERLYTMDGITVTVADLFFAGTETTSTTLRYGLLILMKYPEIEEKLHEEIDRVIGPSRIPAIKDRQEMPYMDAVVHEIQRFITLVPSNLPHEATRDTIFRGYLIPKGTVVVPTLDSVLYDNQEFPDPEKFKPEHFLNENGKFKYSDYFKPFSTGKRVCAGEGLARMELFLLLCAILQHFNLKPLVDPKDIDLSPIHIGFGCIPPRYKLCVIPRS
P08684;Cytochrome P450 3A4;Homo sapiens;1.14.14.1;503;57343;reviewed;Unikalna;;True;52.49;7;1.39;L;"Rekord P08684 jest rekordem reviewed/Swiss-Prot, posiada numer EC i posiada sekwencję aminokwasową. Struktura: struktura 3D eksperymentalna w PDB (119 wpisów; metoda: krystalografia rentgenowska); najlepsza rozdzielczość: 1.70 Å; model 3D predykcyjny AlphaFold; struktura drugorzędowa/2D: helisy: 34, nici beta: 17, zakręty: 9.";MALIPDLAMETWLLLAVSLVLLYLYGTHSHGLFKKLGIPGPTPLPFLGNILSYHKGFCMFDMECHKKYGKVWGFYDGQQPVLAITDPDMIKTVLVKECYSVFTNRRPFGPVGFMKSAISIAEDEEWKRLRSLLSPTFTSGKLKEMVPIIAQYGDVLVRNLRREAETGKPVTLKDVFGAYSMDVITSTSFGVNIDSLNNPQDPFVENTKKLLRFDFLDPFFLSITVFPFLIPILEVLNICVFPREVTNFLRKSVKRMKESRLEDTQKHRVDFLQLMIDSQNSKETESHKALSDLELVAQSIIFIFAGYETTSSVLSFIMYELATHPDVQQKLQEEIDAVLPNKAPPTYDTVLQMEYLDMVVNETLRLFPIAMRLERVCKKDVEINGMFIPKGVVVMIPSYALHRDPKYWTEPEKFLPERFSKKNKDNIDPYIYTPFGSGPRNCIGMRFALMNMKLALIRVLQNFSFKPCKETQIPLKLSLGGLLQPEKPVVLKVESRDGTVSGA
P09917;Polyunsaturated fatty acid 5-lipoxygenase;Homo sapiens;1.13.11.-;674;77983;reviewed;Unikalna;;True;48.66;13;1.93;L;"Rekord P09917 jest rekordem reviewed/Swiss-Prot, posiada numer EC i posiada sekwencję aminokwasową. Struktura: struktura 3D eksperymentalna w PDB (9 wpisów; metoda: krystalografia rentgenowska); najlepsza rozdzielczość: 1.98 Å; model 3D predykcyjny AlphaFold; struktura drugorzędowa/2D: helisy: 44, nici beta: 22, zakręty: 5.";MPSYTVTVATGSQWFAGTDDYIYLSLVGSAGCSEKHLLDKPFYNDFERGAVDSYDVTVDEELGEIQLVRIEKRKYWLNDDWYLKYITLKTPHGDYIEFPCYRWITGDVEVVLRDGRAKLARDDQIHILKQHRRKELETRQKQYRWMEWNPGFPLSIDAKCHKDLPRDIQFDSEKGVDFVLNYSKAMENLFINRFMHMFQSSWNDFADFEKIFVKISNTISERVMNHWQEDLMFGYQFLNGCNPVLIRRCTELPEKLPVTTEMVECSLERQLSLEQEVQQGNIFIVDFELLDGIDANKTDPCTLQFLAAPICLLYKNLANKIVPIAIQLNQIPGDENPIFLPSDAKYDWLLAKIWVRSSDFHVHQTITHLLRTHLVSEVFGIAMYRQLPAVHPIFKLLVAHVRFTIAINTKAREQLICECGLFDKANATGGGGHVQMVQRAMKDLTYASLCFPEAIKARGMESKEDIPYYFYRDDGLLVWEAIRTFTAEVVDIYYEGDQVVEEDPELQDFVNDVYVYGMRGRKSSGFPKSVKSREQLSEYLTVVIFTASAQHAAVNFGQYDWCSWIPNAPPTMRAPPPTAKGVVTIEQIVDTLPDRGRSCWHLGAVWALSQFQENELFLGMYPEEHFIEKPVKEAMARFRKNLEAIVSVIAERNKKKQLPYYYLSPDRIPNSVAI
P29474;Nitric oxide synthase 3;Homo sapiens;1.14.13.39;1203;133275;reviewed;Unikalna;;True;51.62;29;2.41;L;"Rekord P29474 jest rekordem reviewed/Swiss-Prot, posiada numer EC i posiada sekwencję aminokwasową. Struktura: struktura 3D eksperymentalna w PDB (90 wpisów; metoda: krystalografia rentgenowska, NMR); najlepsza rozdzielczość: 1.73 Å; model 3D predykcyjny AlphaFold; struktura drugorzędowa/2D: helisy: 27, nici beta: 23, zakręty: 2.";MGNLKSVAQEPGPPCGLGLGLGLGLCGKQGPATPAPEPSRAPASLLPPAPEHSPPSSPLTQPPEGPKFPRVKNWEVGSITYDTLSAQAQQDGPCTPRRCLGSLVFPRKLQGRPSPGPPAPEQLLSQARDFINQYYSSIKRSGSQAHEQRLQEVEAEVAATGTYQLRESELVFGAKQAWRNAPRCVGRIQWGKLQVFDARDCRSAQEMFTYICNHIKYATNRGNLRSAITVFPQRCPGRGDFRIWNSQLVRYAGYRQQDGSVRGDPANVEITELCIQHGWTPGNGRFDVLPLLLQAPDDPPELFLLPPELVLEVPLEHPTLEWFAALGLRWYALPAVSNMLLEIGGLEFPAAPFSGWYMSTEIGTRNLCDPHRYNILEDVAVCMDLDTRTTSSLWKDKAAVEINVAVLHSYQLAKVTIVDHHAATASFMKHLENEQKARGGCPADWAWIVPPISGSLTPVFHQEMVNYFLSPAFRYQPDPWKGSAAKGTGITRKKTFKEVANAVKISASLMGTVMAKRVKATILYGSETGRAQSYAQQLGRLFRKAFDPRVLCMDEYDVVSLEHETLVLVVTSTFGNGDPPENGESFAAALMEMSGPYNSSPRPEQHKSYKIRFNSISCSDPLVSSWRRKRKESSNTDSAGALGTLRFCVFGLGSRAYPHFCAFARAVDTRLEELGGERLLQLGQGDELCGQEEAFRGWAQAAFQAACETFCVGEDAKAAARDIFSPKRSWKRQRYRLSAQAEGLQLLPGLIHVHRRKMFQATIRSVENLQSSKSTRATILVRLDTGGQEGLQYQPGDHIGVCPPNRPGLVEALLSRVEDPPAPTEPVAVEQLEKGSPGGPPPGWVRDPRLPPCTLRQALTFFLDITSPPSPQLLRLLSTLAEEPREQQELEALSQDPRRYEEWKWFRCPTLLEVLEQFPSVALPAPLLLTQLPLLQPRYYSVSSAPSTHPGEIHLTVAVLAYRTQDGLGPLHYGVCSTWLSQLKPGDPVPCFIRGAPSFRLPPDPSLPCILVGPGTGIAPFRGFWQERLHDIESKGLQPTPMTLVFGCRCSQLDHLYRDEVQNAQQRGVFGRVLTAFSREPDNPKTYVQDILRTELAAEVHRVLCLERGHMFVCGDVTMATNVLQTVQRILATEGDMELDEAGDVIGVLRDQQRYHEDIFGLTLRTQEVTSRIRTQSFSLQERQLRGAVPWAFDPPGSDTNSP
P15121;Aldo-keto reductase family 1 member B1;Homo sapiens;1.1.1.21, 1.1.1.300, 1.1.1.372, 1.1.1.54;316;35853;reviewed;Unikalna;;True;49.05;7;2.22;L;"Rekord P15121 jest rekordem reviewed/Swiss-Prot, posiada numer EC i posiada sekwencję aminokwasową. Struktura: struktura 3D eksperymentalna w PDB (177 wpisów; metoda: krystalografia rentgenowska); najlepsza rozdzielczość: 0.66 Å; model 3D predykcyjny AlphaFold; struktura drugorzędowa/2D: helisy: 15, nici beta: 15, zakręty: 2.";MASRLLLNNGAKMPILGLGTWKSPPGQVTEAVKVAIDVGYRHIDCAHVYQNENEVGVAIQEKLREQVVKREELFIVSKLWCTYHEKGLVKGACQKTLSDLKLDYLDLYLIHWPTGFKPGKEFFPLDESGNVVPSDTNILDTWAAMEELVDEGLVKAIGISNFNHLQVEMILNKPGLKYKPAVNQIECHPYLTQEKLIQYCQSKGIVVTAYSPLGSPDRPWAKPEDPSLLEDPRIKAIAAKHNKTTAQVLIRFPMQRNLVVIPKSVTPERIAENFKVFDFELSSQDMTTLLSYNRNWRVCALLSCTSHKDYPFHEEF
P04075;Fructose-bisphosphate aldolase A;Homo sapiens;4.1.2.13;364;39420;reviewed;Unikalna;;True;50.0;8;2.2;A;"Rekord P04075 jest rekordem reviewed/Swiss-Prot, posiada numer EC i posiada sekwencję aminokwasową. Struktura: struktura 3D eksperymentalna w PDB (8 wpisów; metoda: krystalografia rentgenowska); najlepsza rozdzielczość: 1.88 Å; model 3D predykcyjny AlphaFold; struktura drugorzędowa/2D: helisy: 19, nici beta: 12, zakręty: 3.";MPYQYPALTPEQKKELSDIAHRIVAPGKGILAADESTGSIAKRLQSIGTENTEENRRFYRQLLLTADDRVNPCIGGVILFHETLYQKADDGRPFPQVIKSKGGVVGIKVDKGVVPLAGTNGETTTQGLDGLSERCAQYKKDGADFAKWRCVLKIGEHTPSALAIMENANVLARYASICQQNGIVPIVEPEILPDGDHDLKRCQYVTEKVLAAVYKALSDHHIYLEGTLLKPNMVTPGHACTQKFSHEEIAMATVTALRRTVPPAVTGITFLSGGQSEEEASINLNAINKCPLLKPWALTFSYGRALQASALKAWGGKKENLKAAQEEYVKRALANSLACQGKYTPSGQAGAAASESLFVSNHAY
